Model,Accuracy,Precision,Recall,F1-Score,ROC-AUC,CV ROC-AUC
Logistic Regression,0.6372,0.2088698140200286,0.292,0.2435362802335279,0.516994,0.7850766666666666
Random Forest,0.7304,0.1936619718309859,0.11,0.14030612244897958,0.5099165,0.8840595833333333
XGBoost,0.7444,0.20425531914893616,0.096,0.1306122448979592,0.498769,0.9148309722222223
Gradient Boosting,0.7336,0.19708029197080293,0.108,0.13953488372093023,0.49041300000000004,0.8985783333333334
Neural Network,0.6432,0.1956521739130435,0.252,0.22027972027972031,0.49695500000000004,0.8247809027777778
HRLFM,0.696,0.20982142857142858,0.188,0.19831223628691982,0.5137019999999999,0.8469518055555557
Ensemble,0.7492,0.21777777777777776,0.098,0.13517241379310344,0.498247,0.9087137500000001
