Model,Accuracy,Precision,Recall,F1-Score,ROC-AUC
Random Forest,0.9788359788359788,0.9747474747474747,0.9846938775510204,0.9796954314720813,0.9978134110787172
LightGBM,0.9761904761904762,0.9651741293532339,0.9897959183673469,0.9773299748110831,0.998430141287284
Voting Ensemble,0.9761904761904762,0.9651741293532339,0.9897959183673469,0.9773299748110831,0.9981778425655977
XGBoost,0.9682539682539683,0.9554455445544554,0.9846938775510204,0.9698492462311558,0.9970004485310607
HRLFM,0.9629629629629629,0.946078431372549,0.9846938775510204,0.965,0.9959632204530163
Stacking Ensemble,0.955026455026455,0.9408866995073891,0.9744897959183674,0.9573934837092731,0.9968042161919712
SVM,0.917989417989418,0.8909952606635071,0.9591836734693877,0.9238329238329238,0.9748261942139494
Logistic Regression,0.753968253968254,0.7373271889400922,0.8163265306122449,0.774818401937046,0.8210361067503925
