Model,Accuracy,Precision,Recall,F1-Score,ROC-AUC
Random Forest,0.9788359788359788,0.9747474747474747,0.9846938775510204,0.9796954314720813,0.9978134110787172
HRLFM,0.9656084656084656,0.9597989949748744,0.9744897959183674,0.9670886075949368,0.9964397847050909
Logistic Regression,0.753968253968254,0.7373271889400922,0.8163265306122449,0.774818401937046,0.8210361067503925
