Model,Accuracy,Precision,Recall,F1-Score,ROC-AUC,CV ROC-AUC
Logistic Regression,0.6368,0.20857142857142857,0.292,0.24333333333333335,0.5169940000000001,0.7850716666666667
Random Forest,0.7304,0.1936619718309859,0.11,0.14030612244897958,0.5099165,0.8840595833333333
XGBoost,0.7444,0.20425531914893616,0.096,0.1306122448979592,0.498769,0.9148309722222223
Gradient Boosting,0.734,0.2,0.11,0.14193548387096774,0.48884,0.8979893055555556
Neural Network,0.6432,0.1956521739130435,0.252,0.2202797202797203,0.49695500000000004,0.8247809027777778
Ensemble,0.7484,0.21333333333333335,0.096,0.13241379310344828,0.49793,0.9084980555555557
